{
  "config": "config/",
  "deploy": "deploy",
    "public": "deploy/public/",
  "nodemodules": "node_modules/",
    "govukfrontend": "node_modules/govuk-frontend/",
    "govukfrontendcomponents": "node_modules/govuk-frontend/govuk/components/",
    "iframeresizer": "node_modules/iframe-resizer/",
    "clipboard": "node_modules/clipboard/dist/",
  "source": "src/",
    "components": "src/components/",
    "images": "src/images/",
    "javascripts": "src/javascripts/",
    "stylesheets": "src/stylesheets/",
  "views": "views/",
    "layouts": "views/layouts/",
    "partials": "views/partials/",
  "port": 3000,
  "testPort": 3333
}
