{
  "Text": [
    {
      "name": "$govuk-text-colour"
    },
    {
      "name": "$govuk-secondary-text-colour"
    }
  ],
  "Links": [
    {
      "name": "$govuk-link-colour"
    },
    {
      "name": "$govuk-link-hover-colour"
    },
    {
      "name": "$govuk-link-visited-colour"
    },
    {
      "name": "$govuk-link-active-colour"
    }
  ],
  "Border": [
    {
      "name": "$govuk-border-colour"
    },
    {
      "name": "$govuk-input-border-colour"
    }
  ],
  "Focus state": [
    {
      "name": "$govuk-focus-colour",
      "notes": "Only use this colour to indicate which element is focused on. For example, when a user tabs to an element with their keyboard."
    },
    {
      "name": "$govuk-focus-text-colour"
    }
  ],
  "Error state": [
    {
      "name": "$govuk-error-colour",
      "notes": "Use for error messages"
    }
  ],
  "Brand colour": [
    {
      "name": "$govuk-brand-colour"
    }
  ]
}
